firstName,lastName,zipcode,phone1,phone2,email,web
name,,32804,4072-413-4842,407-557-57,chauncey_motleyaol.com,http://www.affiliatedwithtravelodge.com
James,Butt,70116,504-621-8927,504-845-1427,jbutt@gmail.com,http://www.bentonjohnbjr.com
Josephine,Darakjy,48116,810-292-9388,810-374-9840,josephine_darakjy@darakjy.org,http://www.chanayjeffreyaesq.com
Art,Venere,8014,856-636-8749,856-264-4130,art@venere.org,http://www.chemeljameslcpa.com
Lenna,Paprocki,99501,907-385-4412,907-921-2010,lpaprocki@hotmail.com,http://www.feltzprintingservice.com
Donette,Foller,45011,513-570-1893,513-549-4561,donette.foller@cox.net,http://www.printingdimensions.com
Simona,Morasca,44805,419-503-2484,419-800-6759,simona@morasca.com,http://www.chapmanrosseesq.com
Mitsue,Tollner,60632,773-573-6914,773-924-8565,mitsue_tollner@yahoo.com,http://www.morlongassociates.com
Leota,Dilliard,95111,408-752-3500,408-813-1105,leota@hotmail.com,http://www.commercialpress.com
Sage,Wieser,57105,605-414-2147,605-794-4895,sage_wieser@cox.net,http://www.truhlarandtruhlarattys.com
Kris,Marrier,21224,410-655-8723,410-804-4694,kris@gmail.com,http://www.kingchristopheraesq.com
Minna,Amigon,19443,215-874-1229,215-422-8694,minna_amigon@yahoo.com,http://www.dorljamesjesq.com
Abel,Maclead,11953,631-335-3414,631-677-3675,amaclead@gmail.com,http://www.rangoniofflorence.com
Kiley,Caldarera,90034,310-498-5651,310-254-3084,kiley.caldarera@aol.com,http://www.feinerbros.com
Graciela,Ruta,44023,440-780-8425,440-579-7763,gruta@cox.net,http://www.buckleymillerwright.com
Cammy,Albares,78045,956-537-6195,956-841-7216,calbares@gmail.com,http://www.rousseauxmichaelesq.com
Mattie,Poquette,85013,602-277-4385,602-953-6360,mattie@aol.com,http://www.centurycommunications.com
Meaghan,Garufi,37110,931-313-9635,931-235-7959,meaghan@hotmail.com,http://www.boltonwilburesq.com
Gladys,Rim,53207,414-661-9598,414-377-2880,gladys.rim@rim.org,http://www.tmbyxbeecompanypc.com
Yuki,Whobrey,48180,313-288-7937,313-341-4470,yuki_whobrey@aol.com,http://www.farmersinsurancegroup.com
Fletcher,Flosi,61109,815-828-2147,815-426-5657,fletcher.flosi@yahoo.com,http://www.postboxservicesplus.com
Bette,Nicka,19014,610-545-3615,610-492-4643,bette_nicka@cox.net,http://www.sportenart.com
Veronika,Inouye,95111,408-540-1785,408-813-4592,vinouye@aol.com,http://www.cnetworkinc.com
Willard,Kolmetz,75062,972-303-9197,972-896-4882,willard@hotmail.com,http://www.ingallsdonaldresq.com
Maryann,Royster,12204,518-966-7987,518-448-8982,mroyster@royster.com,http://www.franklinpeterlesq.com
Alisha,Slusarski,8846,732-658-3154,732-635-3453,alisha@slusarski.com,http://www.wtlzpowerfm.com
Allene,Iturbide,54481,715-662-6764,715-530-9863,allene_iturbide@cox.net,http://www.ledeckydavidesq.com
Chanel,Caudy,66218,913-388-2079,913-899-1103,chanel.caudy@caudy.org,http://www.professionalimageinc.com
Ezekiel,Chui,21601,410-669-1642,410-235-8738,ezekiel@chui.com,http://www.siderdonaldcesq.com
Willow,Kusko,10011,212-582-4976,212-934-5167,wkusko@yahoo.com,http://www.upullit.com
Bernardo,Figeroa,77301,936-336-3951,936-597-3614,bfigeroa@aol.com,http://www.clarkrichardcpa.com
Ammie,Corrio,43215,614-801-9788,614-648-3265,ammie@corrio.com,http://www.moskowitzbarrys.com
Francine,Vocelka,88011,505-977-3911,505-335-5293,francine_vocelka@vocelka.com,http://www.cascaderealtyadvisorsinc.com
Ernie,Stenseth,7660,201-709-6245,201-387-9093,ernie_stenseth@aol.com,http://www.knwznewsradio.com
Albina,Glick,8812,732-924-7882,732-782-6701,albina@glick.com,http://www.giampetroanthonyd.com
Alishia,Sergi,10025,212-860-1579,212-753-2740,asergi@gmail.com,http://www.milfordenterprisesinc.com
Solange,Shinko,70002,504-979-9175,504-265-8174,solange@shinko.com,http://www.mosoccoronalda.com
Jose,Stockham,10011,212-675-8570,212-569-4233,jose@yahoo.com,http://www.tristaterefuelerco.com
Rozella,Ostrosky,93012,805-832-6163,805-609-1531,rozella.ostrosky@ostrosky.com,http://www.parkwaycompany.com
Valentine,Gillian,78204,210-812-9597,210-300-6244,valentine_gillian@gmail.com,http://www.fbsbusinessfinance.com
Kati,Rulapaugh,67410,785-463-7829,785-219-7724,kati.rulapaugh@hotmail.com,http://www.ederassocsconsltngengrspc.com
Youlanda,Schemmer,97754,541-548-8197,541-993-2611,youlanda@aol.com,http://www.trimtoolinc.com
Dyan,Oldroyd,66204,913-413-4604,913-645-8918,doldroyd@aol.com,http://www.internationaleyeletsinc.com
Roxane,Campain,99708,907-231-4722,907-335-6568,roxane@hotmail.com,http://www.rapidtradingintl.com
Lavera,Perin,33196,305-606-7291,305-995-2078,lperin@perin.org,http://www.abcenterprisesinc.com
Erick,Ferencz,99712,907-741-1044,907-227-6777,erick.ferencz@aol.com,http://www.cindyturnerassociates.com
Fatima,Saylors,55343,952-768-2416,952-479-2375,fsaylors@saylors.org,http://www.stantonjamesdesq.com
Jina,Briddick,2128,617-399-5124,617-997-5771,jina_briddick@briddick.com,http://www.gracepastriesinc.com
Kanisha,Waycott,90006,323-453-2780,323-315-7314,kanisha_waycott@yahoo.com,http://www.schroergeneeesq.com
Emerson,Bowley,53711,608-336-7444,608-658-7940,emerson.bowley@bowley.org,http://www.knightsinn.com
Blair,Malet,19132,215-907-9111,215-794-4519,bmalet@yahoo.com,http://www.bollingermachshpshipyard.com
Brock,Bolognia,10003,212-402-9216,212-617-5063,bbolognia@yahoo.com,http://www.orindanews.com
Lorrie,Nestle,37388,931-875-6644,931-303-6041,lnestle@hotmail.com,http://www.ballardspahrandrews.com
Sabra,Uyetake,29201,803-925-5213,803-681-3678,sabra@uyetake.org,http://www.lowylimousineservice.com
Marjory,Mastella,19087,610-814-5533,610-379-7125,mmastella@mastella.com,http://www.viconcorporation.com
Karl,Klonowski,8822,908-877-6135,908-470-4661,karl_klonowski@yahoo.com,http://www.rossimichaelm.com
Tonette,Wenner,11590,516-968-6051,516-333-4861,twenner@aol.com,http://www.northwestpublishing.com
Amber,Monarrez,19046,215-934-8655,215-329-6386,amber_monarrez@monarrez.org,http://www.branfordwiremfgco.com
Shenika,Seewald,91405,818-423-4007,818-749-8650,shenika@gmail.com,http://www.eastcoastmarketing.com
Delmy,Ahle,2909,401-458-2547,401-559-8961,delmy.ahle@hotmail.com,http://www.wyetechnologiesinc.com
Deeanna,Juhas,19006,215-211-9589,215-417-9563,deeanna_juhas@gmail.com,http://www.healygeorgewiv.com
Blondell,Pugh,2904,401-960-8259,401-300-8122,bpugh@aol.com,http://www.alpenliteinc.com
Jamal,Vanausdal,8831,732-234-1546,732-904-2931,jamal@vanausdal.org,http://www.hubbardbruceesq.com
Cecily,Hollack,78731,512-486-3817,512-861-3814,cecily@hollack.org,http://www.arthuraoliversoninc.com
Carmelina,Lindall,80126,303-724-7371,303-874-5160,carmelina_lindall@lindall.com,http://www.georgejessopcarterjewelers.com
Maurine,Yglesias,53214,414-748-1374,414-573-7719,maurine_yglesias@yglesias.com,http://www.schultzthomascmd.com
Tawna,Buvens,10009,212-674-9610,212-462-9157,tawna@gmail.com,http://www.hhhenterprisesinc.com
Penney,Weight,99515,907-797-9628,907-873-2882,penney_weight@aol.com,http://www.hawaiiankinghotel.com
Elly,Morocco,16502,814-393-5571,814-420-3553,elly_morocco@gmail.com,http://www.killionindustries.com
Ilene,Eroman,21061,410-914-9018,410-937-4543,ilene.eroman@hotmail.com,http://www.robinsonwilliamjesq.com
Vallie,Mondella,83707,208-862-5339,208-737-8439,vmondella@mondella.com,http://www.privateproperties.com
Kallie,Blackwood,94104,415-315-2761,415-604-7609,kallie.blackwood@gmail.com,http://www.rowleyschlimgeninc.com
Johnetta,Abdallah,27514,919-225-9345,919-715-3791,johnetta_abdallah@aol.com,http://www.forgingspecialties.com
Bobbye,Rhym,94070,650-528-5783,650-811-9032,brhym@rhym.com,http://www.smitspatriciagarity.com
Micaela,Rhymes,94520,925-647-3298,925-522-7798,micaela_rhymes@gmail.com,http://www.hleeleonardattorneyatlaw.com
Tamar,Hoogland,43140,740-343-8575,740-526-5410,tamar@hotmail.com,http://www.akconstructionco.com
Moon,Parlato,14895,585-866-8313,585-498-4278,moon@yahoo.com,http://www.ambelangjessicammd.com
Laurel,Reitler,21215,410-520-4832,410-957-6903,laurel_reitler@reitler.com,http://www.qaservice.com
Delisa,Crupi,7105,973-354-2040,973-847-9611,delisa.crupi@crupi.com,http://www.woodwhitacrecontractors.com
Viva,Toelkes,60647,773-446-5569,773-352-3437,viva.toelkes@gmail.com,http://www.markivpressltd.com
Elza,Lipke,7104,973-927-3447,973-796-3667,elza@yahoo.com,http://www.museumofscienceindustry.com
Devorah,Chickering,88101,505-975-8559,505-950-1763,devorah@hotmail.com,http://www.garrisonind.com
Timothy,Mulqueen,10309,718-332-6527,718-654-7063,timothy_mulqueen@mulqueen.org,http://www.saronixnymphproducts.com
Arlette,Honeywell,32254,904-775-4480,904-514-9918,ahoneywell@honeywell.com,http://www.smcinc.com
Dominque,Dickerson,94545,510-993-3758,510-901-7640,dominque.dickerson@dickerson.org,http://www.eaielectronicassocsinc.com
Lettie,Isenhower,44122,216-657-7668,216-733-8494,lettie_isenhower@yahoo.com,http://www.contechristopheraesq.com
Myra,Munns,76040,817-914-7518,817-451-3518,mmunns@cox.net,http://www.ankerlawoffice.com
Stephaine,Barfield,90247,310-774-7643,310-968-1219,stephaine@barfield.com,http://www.beutelschiescompany.com
Lai,Gato,60201,847-728-7286,847-957-4614,lai.gato@gato.org,http://www.fliggkennethijr.com
Stephen,Emigh,44302,330-537-5358,330-700-2312,stephen_emigh@hotmail.com,http://www.sharpjdanielesq.com
Tyra,Shields,19106,215-255-1641,215-228-8264,tshields@gmail.com,http://www.assinkannehesq.com
Tammara,Wardrip,94010,650-803-1936,650-216-5075,twardrip@cox.net,http://www.jewelmyshopinc.com
Cory,Gibes,91776,626-572-1096,626-696-2777,cory.gibes@gmail.com,http://www.chinesetranslationresources.com
Danica,Bruschke,76708,254-782-8569,254-205-1422,danica_bruschke@gmail.com,http://www.stevenscharlest.com
Wilda,Giguere,99501,907-870-5536,907-914-9482,wilda@cox.net,http://www.mclaughlinlutherwcpa.com
Elvera,Benimadho,95110,408-703-8505,408-440-8447,elvera.benimadho@cox.net,http://www.treemusketeers.com
Carma,Vanheusen,94577,510-503-7169,510-452-4835,carma@cox.net,http://www.springfielddivohedisonco.com
Malinda,Hochard,46202,317-722-5066,317-472-2412,malinda.hochard@yahoo.com,http://www.loganmemorialhospital.com
Natalie,Fern,82901,307-704-8713,307-279-3793,natalie.fern@hotmail.com,http://www.kellycharlesgesq.com
Lisha,Centini,22102,703-235-3937,703-475-7568,lisha@centini.org,http://www.industrialpapershreddersinc.com
Arlene,Klusman,70112,504-710-5840,504-946-1807,arlene_klusman@gmail.com,http://www.beckhorizonbuilders.com
Alease,Buemi,80303,303-301-4946,303-521-9860,alease@buemi.com,http://www.portocayoathawkscay.com
Louisa,Cronauer,94577,510-828-7047,510-472-7758,louisa@cronauer.com,http://www.pacificgrovemuseumntrlhist.com
Angella,Cetta,96817,808-892-7943,808-475-2310,angella.cetta@hotmail.com,http://www.benderhatleypc.com
Cyndy,Goldammer,55337,952-334-9408,952-938-9457,cgoldammer@cox.net,http://www.dicristinajson.com
Rosio,Cork,27263,336-243-5659,336-497-4407,rosio.cork@gmail.com,http://www.greengoddess.com
Celeste,Korando,11563,516-509-2347,516-365-7266,ckorando@hotmail.com,http://www.americanartsgraphics.com
Twana,Felger,97224,503-939-3153,503-909-7167,twana.felger@felger.org,http://www.oprylandhotel.com
Estrella,Samu,53511,608-976-7199,608-942-8836,estrella@aol.com,http://www.markingdevicespubgco.com
Donte,Kines,1602,508-429-8576,508-843-1426,dkines@hotmail.com,http://www.wtcindustriesinc.com
Tiffiny,Steffensmeier,33133,305-385-9695,305-304-6573,tiffiny_steffensmeier@cox.net,http://www.whitehallrobbinslabsdivsn.com
Edna,Miceli,16502,814-460-2655,814-299-2877,emiceli@miceli.org,http://www.sampler.com
Sue,Kownacki,75149,972-666-3413,972-742-4000,sue@aol.com,http://www.junochefsincorporated.com
Jesusa,Shin,37388,931-273-8709,931-739-1551,jshin@shin.com,http://www.carroccioathomasesq.com
Rolland,Francescon,7501,973-649-2922,973-284-4048,rolland@cox.net,http://www.stanleyrichardlesq.com
Pamella,Schmierer,33030,305-420-8970,305-575-8481,pamella.schmierer@schmierer.org,http://www.kcscstmmouldingswindows.com
Glory,Kulzer,21117,410-224-9462,410-916-8015,gkulzer@kulzer.org,http://www.comfortinn.com
Shawna,Palaspas,91362,805-275-3566,805-638-6617,shawna_palaspas@palaspas.org,http://www.windsorjameslesq.com
Brandon,Callaro,96819,808-215-6832,808-240-5168,brandon_callaro@hotmail.com,http://www.jacksonshieldsyeiser.com
Scarlet,Cartan,31701,229-735-3378,229-365-9658,scarlet.cartan@yahoo.com,http://www.boxjcalvinesq.com
Oretha,Menter,2210,617-418-5043,617-697-6024,oretha_menter@yahoo.com,http://www.customengineeringinc.com
Ty,Smith,7601,201-672-1553,201-995-3149,tsmith@aol.com,http://www.breslereitelframggllryltd.com
Xuan,Rochin,94403,650-933-5072,650-247-2625,xuan@gmail.com,http://www.caroldrakesparksesq.com
Lindsey,Dilello,91761,909-639-9887,909-589-1693,lindsey.dilello@hotmail.com,http://www.biltmoreinvestorsbank.com
Devora,Perez,94606,510-955-3016,510-755-9274,devora_perez@perez.org,http://www.descoequipmentcorp.com
Herman,Demesa,12180,518-497-2940,518-931-7852,hdemesa@cox.net,http://www.merlinelectricco.com
Rory,Papasergi,18411,570-867-7489,570-469-8401,rpapasergi@cox.net,http://www.baileycntlcodivbabcock.com
Talia,Riopelle,7050,973-245-2133,973-818-9788,talia_riopelle@aol.com,http://www.fordbrotherswholesaleinc.com
Van,Shire,8867,908-409-2890,908-448-1209,van.shire@shire.com,http://www.cambridgeinn.com
Lucina,Lary,32922,321-749-4981,321-632-4668,lucina_lary@cox.net,http://www.matriccianialbertjjr.com
Bok,Isaacs,10468,718-809-3762,718-478-8568,bok.isaacs@aol.com,http://www.nelsonhawaiianltd.com
Rolande,Spickerman,96782,808-315-3077,808-526-5863,rolande.spickerman@spickerman.com,http://www.nelandtravelagency.com
Howard,Paulas,80231,303-623-4241,303-692-3118,hpaulas@gmail.com,http://www.asendorfjalanesq.com
Kimbery,Madarang,7866,973-310-1634,973-225-6259,kimbery_madarang@cox.net,http://www.silbermanarthurlesq.com
Thurman,Manno,8201,609-524-3586,609-234-8376,thurman.manno@yahoo.com,http://www.honeybeebreedinggenetics.com
Becky,Mirafuentes,7062,908-877-8409,908-426-8272,becky.mirafuentes@mirafuentes.com,http://www.wellskravitzschnitzer.com
Beatriz,Corrington,2346,508-584-4279,508-315-3867,beatriz@yahoo.com,http://www.prohabrehabilitationservs.com
Marti,Maybury,60638,773-775-4522,773-539-1058,marti.maybury@yahoo.com,http://www.eldridgekristinkesq.com
Nieves,Gotter,97202,503-527-5274,503-455-3094,nieves_gotter@gmail.com,http://www.vlahosjohnjesq.com
Leatha,Hagele,75227,214-339-1809,214-225-5850,lhagele@cox.net,http://www.ninasindiangrsvideos.com
Valentin,Klimek,60604,312-303-5453,312-512-2338,vklimek@klimek.org,http://www.schmidgayannekesq.com
Melissa,Wiklund,45840,419-939-3613,419-254-4591,melissa@cox.net,http://www.moapavalleyfederalcreditun.com
Sheridan,Zane,92501,951-645-3605,951-248-6822,sheridan.zane@zane.com,http://www.kentuckytennesseeclayco.com
Bulah,Padilla,76707,254-463-4368,254-816-8417,bulah_padilla@hotmail.com,http://www.admiralpartyrentalssales.com
Audra,Kohnert,37211,615-406-7854,615-448-9249,audra@kohnert.com,http://www.nelsonkarolynkingesq.com
Daren,Weirather,53216,414-959-2540,414-838-3151,dweirather@aol.com,http://www.panasystems.com
Fernanda,Jillson,21655,410-387-5260,410-724-6472,fjillson@aol.com,http://www.shankedwardlesq.com
Gearldine,Gellinger,75061,972-934-6914,972-821-7118,gearldine_gellinger@gellinger.com,http://www.megibowedwards.com
Chau,Kitzman,90212,310-560-8022,310-969-7230,chau@gmail.com,http://www.benoffedwardesq.com
Theola,Frey,11758,516-948-5768,516-357-3362,theola_frey@frey.com,http://www.woodbridgefreepubliclibrary.com
Cheryl,Haroldson,8401,609-518-7697,609-263-9243,cheryl@haroldson.org,http://www.newyorklifejohnthune.com
Laticia,Merced,45203,513-508-7371,513-418-1566,lmerced@gmail.com,http://www.alinabalinc.com
Carissa,Batman,97401,541-326-4074,541-801-5717,carissa.batman@yahoo.com,http://www.polettokimdavidesq.com
Lezlie,Craghead,27577,919-533-3762,919-885-2453,lezlie.craghead@craghead.org,http://www.changcarolynesq.com
Ozell,Shealy,10002,212-332-8435,212-880-8865,oshealy@hotmail.com,http://www.silverbrosinc.com
Arminda,Parvis,85017,602-906-9419,602-277-3025,arminda@parvis.com,http://www.newtecinc.com
Reita,Leto,46240,317-234-1135,317-787-5514,reita.leto@gmail.com,http://www.creativebusinesssystems.com
Yolando,Luczki,13214,315-304-4759,315-640-6357,yolando@cox.net,http://www.daltilecorporation.com
Lizette,Stem,8002,856-487-5412,856-702-3676,lizette.stem@aol.com,http://www.edwardskatz.com
Gregoria,Pawlowicz,11530,516-212-1915,516-376-4230,gpawlowicz@yahoo.com,http://www.ohmygoodknitsinc.com
Carin,Deleo,72202,501-308-1040,501-409-6072,cdeleo@deleo.com,http://www.redekerdebbie.com
Chantell,Maynerich,55101,651-591-2583,651-776-9688,chantell@yahoo.com,http://www.desertsandsmotel.com
Dierdre,Yum,19134,215-325-3042,215-346-4666,dyum@yahoo.com,http://www.cumminssouthernplainsinc.com
Larae,Gudroe,70360,985-890-7262,985-261-5783,larae_gudroe@gmail.com,http://www.lehighfurndivsnlehigh.com
Latrice,Tolfree,11779,631-957-7624,631-998-2102,latrice.tolfree@hotmail.com,http://www.unitedvanlinesagent.com
Kerry,Theodorov,95827,916-591-3277,916-770-7448,kerry.theodorov@gmail.com,http://www.capitolreporters.com
Dorthy,Hidvegi,83704,208-649-2373,208-690-3315,dhidvegi@yahoo.com,http://www.kwikkopyprinting.com
Fannie,Lungren,78664,512-587-5746,512-528-9933,fannie.lungren@yahoo.com,http://www.centroinc.com
Evangelina,Radde,19123,215-964-3284,215-417-5612,evangelina@aol.com,http://www.campbelljanesq.com
Novella,Degroot,96720,808-477-4775,808-746-1865,novella_degroot@degroot.org,http://www.evansckellyesq.com
Clay,Hoa,89502,775-501-8109,775-848-9135,choa@hoa.org,http://www.scatenterprises.com
Jennifer,Fallick,60090,847-979-9545,847-800-3054,jfallick@yahoo.com,http://www.nagledanieljesq.com
Irma,Wolfgramm,7869,973-545-7355,973-868-8660,irma.wolfgramm@hotmail.com,http://www.serendiquitybedbreakfast.com
Eun,Coody,29301,864-256-3620,864-594-4578,eun@yahoo.com,http://www.raycarolynerealty.com
Sylvia,Cousey,21074,410-209-9545,410-863-8263,sylvia_cousey@cousey.org,http://www.bergcharlese.com
Nana,Wrinkles,10553,914-855-2115,914-796-3775,nana@aol.com,http://www.raymilbernd.com
Layla,Springe,10011,212-260-3151,212-253-7448,layla.springe@cox.net,http://www.chaddsfordwinery.com
Joesph,Degonia,94710,510-677-9785,510-942-5916,joesph_degonia@degonia.org,http://www.arpackaging.com
Annabelle,Boord,1742,978-697-6263,978-289-7717,annabelle.boord@cox.net,http://www.cornpopper.com
Stephaine,Vinning,94104,415-767-6596,415-712-9530,stephaine@cox.net,http://www.biritefoodservicedistr.com
Nelida,Sawchuk,7652,201-971-1638,201-247-8925,nelida@gmail.com,http://www.anchoragemuseumofhistart.com
Marguerita,Hiatt,94561,925-634-7158,925-541-8521,marguerita.hiatt@gmail.com,http://www.habergeorgedmd.com
Carmela,Cookey,60623,773-494-4195,773-297-9391,ccookey@cookey.org,http://www.royalpontiacoldsinc.com
Junita,Brideau,7009,973-943-3423,973-582-5469,jbrideau@aol.com,http://www.leonardsantiquesinc.com
Claribel,Varriano,43551,419-544-4900,419-573-2033,claribel_varriano@cox.net,http://www.meca.com
Benton,Skursky,90248,310-579-2907,310-694-8466,benton.skursky@aol.com,http://www.nerconengineeringmfginc.com
Hillary,Skulski,34448,352-242-2570,352-990-5946,hillary.skulski@aol.com,http://www.replicai.com
Merilyn,Bayless,95054,408-758-5015,408-346-2180,merilyn_bayless@cox.net,http://www.printinginc.com
Teri,Ennaco,18201,570-889-5187,570-355-1665,tennaco@gmail.com,http://www.publishersgroupwest.com
Merlyn,Lawler,7304,201-588-7810,201-858-9960,merlyn_lawler@hotmail.com,http://www.nischwitzjeffreylesq.com
Georgene,Montezuma,94583,925-615-5185,925-943-3449,gmontezuma@cox.net,http://www.paynebladeswellbornpa.com
Jettie,Mconnell,8807,908-802-3564,908-602-5258,jmconnell@hotmail.com,http://www.coldwellbnkrwrightrealest.com
Lemuel,Latzke,11716,631-748-6479,631-291-4976,lemuel.latzke@gmail.com,http://www.computerrepairservice.com
Melodie,Knipp,91362,805-690-1682,805-810-8964,mknipp@gmail.com,http://www.fleetwoodbuildingblockinc.com
Candida,Corbley,8876,908-275-8357,908-943-6103,candida_corbley@hotmail.com,http://www.coltsneckmedicalassocsinc.com
Karan,Karpin,97005,503-940-8327,503-707-5812,karan_karpin@gmail.com,http://www.newenglandtaxidermy.com
Andra,Scheyer,97302,503-516-2189,503-950-3068,andra@gmail.com,http://www.ludckegeorgeoesq.com
Felicidad,Poullion,8077,856-305-9731,856-828-6021,fpoullion@poullion.com,http://www.mccorkletomsesq.com
Belen,Strassner,30135,770-507-8791,770-802-4003,belen_strassner@aol.com,http://www.eaglesoftwareinc.com
Gracia,Melnyk,32216,904-235-3633,904-627-4341,gracia@melnyk.com,http://www.juvenileadultsuper.com
Jolanda,Hanafan,4401,207-458-9196,207-233-6185,jhanafan@gmail.com,http://www.perezjosephjesq.com
Barrett,Toyama,76060,817-765-5781,817-577-6151,barrett.toyama@toyama.org,http://www.casefoundationco.com
Helga,Fredicks,14228,716-752-4114,716-854-9845,helga_fredicks@yahoo.com,http://www.eisenvironmentalengrsinc.com
Ashlyn,Pinilla,33054,305-670-9628,305-857-5489,apinilla@cox.net,http://www.artcrafters.com
Fausto,Agramonte,10038,212-313-1783,212-778-3063,fausto_agramonte@yahoo.com,http://www.marriotthotelsresortssuites.com
Ronny,Caiafa,19103,215-605-7570,215-511-3531,ronny.caiafa@caiafa.org,http://www.remacoinc.com
Marge,Limmel,32536,850-430-1663,850-330-8079,marge@gmail.com,http://www.bjorkrobertdjr.com
Norah,Waymire,94107,415-306-7897,415-874-2984,norah.waymire@gmail.com,http://www.carmichaeljefferylesq.com
Aliza,Baltimore,95132,408-504-3552,408-425-1994,aliza@aol.com,http://www.andrewsjrobertesq.com
Mozell,Pelkowski,94080,650-947-1215,650-960-1069,mpelkowski@pelkowski.org,http://www.winshipbyrne.com
Viola,Bitsuie,91325,818-864-4875,818-481-5787,viola@gmail.com,http://www.burtondavis.com
Franklyn,Emard,19103,215-558-8189,215-483-3003,femard@emard.com,http://www.olympicgraphicarts.com
Willodean,Konopacki,70506,337-253-8384,337-774-7564,willodean_konopacki@konopacki.org,http://www.magnuson.com
Beckie,Silvestrini,48126,313-533-4884,313-390-7855,beckie.silvestrini@silvestrini.com,http://www.aallamericantravelinc.com
Rebecka,Gesick,78754,512-213-8574,512-693-8345,rgesick@gesick.org,http://www.polykoteinc.com
Frederica,Blunk,75207,214-428-2285,214-529-1949,frederica_blunk@gmail.com,http://www.jetscybernetics.com
Glen,Bartolet,98070,206-697-5796,206-389-1482,glen_bartolet@hotmail.com,http://www.metlabtestingservices.com
Freeman,Gochal,19320,610-476-3501,610-752-2683,freeman_gochal@aol.com,http://www.kellermannwilliamtesq.com
Vincent,Meinerding,19143,215-372-1718,215-829-4221,vincent.meinerding@hotmail.com,http://www.arturipeterdesq.com
Rima,Bevelacqua,90248,310-858-5079,310-499-4200,rima@cox.net,http://www.mcauleymfgco.com
Glendora,Sarbacher,94928,707-653-8214,707-881-3154,gsarbacher@gmail.com,http://www.defurvoranhanleyradcliff.com
Avery,Steier,32803,407-808-9439,407-945-8566,avery@cox.net,http://www.dilldillcarrstonbrakerpc.com
Cristy,Lother,92025,760-971-4322,760-465-4762,cristy@lother.com,http://www.kleensteel.com
Nicolette,Brossart,1581,508-837-9230,508-504-6388,nicolette_brossart@brossart.com,http://www.gouldspumpsincslurrypump.com
Tracey,Modzelewski,77301,936-264-9294,936-988-8171,tracey@hotmail.com,http://www.kansascityinsurancereport.com
Virgina,Tegarden,53226,414-214-8697,414-411-5744,virgina_tegarden@tegarden.com,http://www.berhanuinternationalfoods.com
Tiera,Frankel,91731,626-636-4117,626-638-4241,tfrankel@aol.com,http://www.rolandashcroft.com
Alaine,Bergesen,10701,914-300-9193,914-654-1426,alaine_bergesen@cox.net,http://www.hispanicmagazine.com
Earleen,Mai,75227,214-289-1973,214-785-6750,earleen_mai@cox.net,http://www.littlesheetmetalco.com
Leonida,Gobern,39530,228-235-5615,228-432-4635,leonida@gobern.org,http://www.holmesarmsteadjesq.com
Ressie,Auffrey,33134,305-604-8981,305-287-4743,ressie.auffrey@yahoo.com,http://www.fawjamesccpa.com
Justine,Mugnolo,10048,212-304-9225,212-311-6377,jmugnolo@yahoo.com,http://www.evansrulecompany.com
Eladia,Saulter,7446,201-474-4924,201-365-8698,eladia@saulter.com,http://www.tyeeproductionsinc.com
Chaya,Malvin,48103,734-928-5182,734-408-8174,chaya@malvin.com,http://www.dunnellsduvall.com
Gwenn,Suffield,11729,631-258-6558,631-295-9879,gwenn_suffield@suffield.org,http://www.deltamsystemsinc.com
Salena,Karpel,44707,330-791-8557,330-618-2579,skarpel@cox.net,http://www.hammillmfgco.com
Yoko,Fishburne,6511,203-506-4706,203-840-8634,yoko@fishburne.com,http://www.samscornerstore.com
Taryn,Moyd,22030,703-322-4041,703-938-7939,taryn.moyd@hotmail.com,http://www.siskinmarkjesq.com
Katina,Polidori,1887,978-626-2978,978-679-7429,katina_polidori@aol.com,http://www.capeassociatesrealestate.com
Rickie,Plumer,43613,419-693-1334,419-313-5571,rickie.plumer@aol.com,http://www.merrilllynch.com
Alex,Loader,98409,253-660-7821,253-875-9222,alex@loader.com,http://www.sublettscottesq.com
Lashon,Vizarro,95661,916-741-7884,916-289-4526,lashon@aol.com,http://www.sentrysigns.com
Lauran,Burnard,82501,307-342-7795,307-453-7589,lburnard@burnard.com,http://www.professionalsunlimited.com
Ceola,Setter,4864,207-627-7565,207-297-5029,ceola.setter@setter.org,http://www.southernsteelshelvingco.com
My,Rantanen,18954,215-491-5633,215-647-2158,my@hotmail.com,http://www.boscopaulj.com
Lorrine,Worlds,33614,813-769-2939,813-863-6467,lorrine.worlds@worlds.com,http://www.longonicholasjesq.com
Peggie,Sturiale,92020,619-608-1763,619-695-8086,peggie@cox.net,http://www.henrycountymiddleschool.com
Marvel,Raymo,77840,979-718-8968,979-809-5770,mraymo@yahoo.com,http://www.edisonsupplyequipmentco.com
Daron,Dinos,60035,847-233-3075,847-265-6609,daron_dinos@cox.net,http://www.wolfwarrenresq.com
An,Fritz,8401,609-228-5265,609-854-7156,an_fritz@hotmail.com,http://www.linguisticsystemsinc.com
Portia,Stimmel,8807,908-722-7128,908-670-4712,portia.stimmel@aol.com,http://www.peacechristiancenter.com
Rhea,Aredondo,11226,718-560-9537,718-280-4183,rhea_aredondo@cox.net,http://www.doublebfoodsinc.com
Benedict,Sama,63104,314-787-1588,314-858-4832,bsama@cox.net,http://www.alexanderalexanderinc.com
Alyce,Arias,95207,209-317-1801,209-242-7022,alyce@arias.org,http://www.fairbanksscales.com
Heike,Berganza,7424,973-936-5095,973-822-8827,heike@gmail.com,http://www.calisportswearcuttingdept.com
Carey,Dopico,46220,317-578-2453,317-441-5848,carey_dopico@dopico.org,http://www.garofanijohnesq.com
Dottie,Hellickson,98133,206-540-6076,206-295-5631,dottie@hellickson.org,http://www.thompsonfabricatingco.com
Deandrea,Hughey,27215,336-822-7652,336-467-3095,deandrea@yahoo.com,http://www.centurykrallrealestate.com
Kimberlie,Duenas,67601,785-629-8542,785-616-1685,kimberlie_duenas@yahoo.com,http://www.midcontntlrltypropmgmt.com
Martina,Staback,32822,407-471-6908,407-429-2145,martina_staback@staback.com,http://www.acesignsinc.com
Skye,Fillingim,55401,612-508-2655,612-664-6304,skye_fillingim@yahoo.com,http://www.rodewayinn.com
Jade,Farrar,29201,803-352-5387,803-975-3405,jade.farrar@yahoo.com,http://www.bonnetdaughter.com
Charlene,Hamilton,95407,707-300-1771,707-821-8037,charlene.hamilton@hotmail.com,http://www.oshinsgibbons.com
Geoffrey,Acey,60067,847-222-1734,847-556-2909,geoffrey@gmail.com,http://www.pricebusinessservices.com
Stevie,Westerbeck,92626,949-867-4077,949-903-3898,stevie.westerbeck@yahoo.com,http://www.wisedenniswmd.com
Pamella,Fortino,80212,303-404-2210,303-794-1341,pamella@fortino.com,http://www.supermotel.com
Harrison,Haufler,6515,203-801-6193,203-801-8497,hhaufler@hotmail.com,http://www.johnwagnerassociates.com
Johnna,Engelberg,98021,425-986-7573,425-700-3751,jengelberg@engelberg.org,http://www.thriftyoilco.com
Buddy,Cloney,44136,440-989-5826,440-327-2093,buddy.cloney@yahoo.com,http://www.larkfieldphoto.com
Dalene,Riden,3865,603-315-6839,603-745-7497,dalene.riden@aol.com,http://www.silvermanplanetarium.com
Jerry,Zurcher,32937,321-518-5938,321-597-2159,jzurcher@zurcher.org,http://www.jflumber.com
Haydee,Denooyer,10016,212-792-8658,212-782-3493,hdenooyer@denooyer.org,http://www.cleaningstationinc.com
Joseph,Cryer,92647,714-584-2237,714-698-2170,joseph_cryer@cox.net,http://www.amesstationers.com
Deonna,Kippley,48075,248-913-4677,248-793-4966,deonna_kippley@hotmail.com,http://www.midasmufflershops.com
Raymon,Calvaresi,46222,317-825-4724,317-342-1532,raymon.calvaresi@gmail.com,http://www.seaboardsecuritiesinc.com
Alecia,Bubash,76301,940-276-7922,940-302-3036,alecia@aol.com,http://www.petersenjameseesq.com
Ma,Layous,6473,203-721-3388,203-564-1543,mlayous@hotmail.com,http://www.developmentauthority.com
Detra,Coyier,21001,410-739-9277,410-259-2118,detra@aol.com,http://www.schottfiberopticsinc.com
Terrilyn,Rodeigues,70130,504-463-4384,504-635-8518,terrilyn.rodeigues@cox.net,http://www.stuartjagins.com
Salome,Lacovara,23219,804-550-5097,804-858-1011,slacovara@gmail.com,http://www.mitsumielectronicscorp.com
Garry,Keetch,18966,215-979-8776,215-846-9046,garry_keetch@hotmail.com,http://www.italianexpressfranchisecorp.com
Matthew,Neither,55379,952-651-7597,952-906-4597,mneither@yahoo.com,http://www.americancouncilonscihlth.com
Theodora,Restrepo,33136,305-936-8226,305-573-1085,theodora.restrepo@restrepo.com,http://www.kleripatriciasesq.com
Noah,Kalafatis,53209,414-263-5287,414-660-9766,noah.kalafatis@aol.com,http://www.twiggsabramsblanchard.com
Carmen,Sweigard,8873,732-941-2621,732-445-6940,csweigard@sweigard.com,http://www.mauiresearchtechnologypk.com
Lavonda,Hengel,58102,701-898-2154,701-421-7080,lavonda@cox.net,http://www.bradleynameplatecorp.com
Junita,Stoltzman,89701,775-638-9963,775-578-1214,junita@aol.com,http://www.geonexmartelinc.com
Herminia,Nicolozakes,85254,602-954-5141,602-304-6433,herminia@nicolozakes.org,http://www.seaislanddivoffstrindinc.com
Casie,Good,37211,615-390-2251,615-825-4297,casie.good@aol.com,http://www.papaydebbiejesq.com
Reena,Maisto,21801,410-351-1863,410-951-2667,reena@hotmail.com,http://www.lanepromotions.com
Mirta,Mallett,10004,212-870-1286,212-745-6948,mirta_mallett@gmail.com,http://www.stephenkennerlyarchtsincpc.com
Cathrine,Pontoriero,79109,806-703-1435,806-558-5848,cathrine.pontoriero@pontoriero.com,http://www.businesssystemsofwisinc.com
Filiberto,Tawil,90016,323-765-2528,323-842-8226,ftawil@hotmail.com,http://www.flashelenasalernoesq.com
Raul,Upthegrove,91942,619-509-5282,619-666-4765,rupthegrove@yahoo.com,http://www.neeleygregorywesq.com
Sarah,Candlish,30328,770-732-1194,770-531-2842,sarah.candlish@gmail.com,http://www.alabamaeducationaltvcomm.com
Lucy,Treston,1602,508-769-5250,508-502-5634,lucy@cox.net,http://www.franzinc.com
Judy,Aquas,49120,269-756-7222,269-431-9464,jaquas@aquas.com,http://www.plantationrestaurant.com
Yvonne,Tjepkema,7004,973-714-1721,973-976-8627,yvonne.tjepkema@hotmail.com,http://www.radiocommunicationsco.com
Kayleigh,Lace,70508,337-740-9323,337-751-2326,kayleigh.lace@yahoo.com,http://www.dentalawdivsnhlthcare.com
Felix,Hirpara,17517,717-491-5643,717-583-1497,felix_hirpara@cox.net,http://www.americanspeedyprintingctrs.com
Tresa,Sweely,63088,314-359-9566,314-231-3514,tresa_sweely@hotmail.com,http://www.graysongrantsesq.com
Kristeen,Turinetti,76013,817-213-8851,817-947-9480,kristeen@gmail.com,http://www.jeanerettemiddleschool.com
Jenelle,Regusters,33619,813-932-8715,813-357-7296,jregusters@regusters.com,http://www.haavistobrianfesq.com
Renea,Monterrubio,30328,770-679-4752,770-930-9967,renea@hotmail.com,http://www.wmmtradiostation.com
Olive,Matuszak,92234,760-938-6069,760-745-2649,olive@aol.com,http://www.colonypaintssalesofcplnt.com
Ligia,Reiber,48933,517-906-1108,517-747-7664,lreiber@cox.net,http://www.floralexpressions.com
Christiane,Eschberger,85034,602-390-4944,602-330-6894,christiane.eschberger@yahoo.com,http://www.cascoservicesinc.com
Goldie,Schirpke,4401,207-295-7569,207-748-3722,goldie.schirpke@yahoo.com,http://www.reuterarthurcjr.com
Loreta,Timenez,20735,301-696-6420,301-392-6698,loreta.timenez@hotmail.com,http://www.kaminskikatherineandritsaki.com
Fabiola,Hauenstein,17404,717-809-3119,717-344-2804,fabiola.hauenstein@hauenstein.org,http://www.sidewinderproductscorp.com
Amie,Perigo,75150,972-419-7946,972-898-1033,amie.perigo@yahoo.com,http://www.generalfoamcorporation.com
Raina,Brachle,59701,406-318-1515,406-374-7752,raina.brachle@brachle.org,http://www.ikgbordendivsnharscocorp.com
Erinn,Canlas,7039,973-767-3008,973-563-9502,erinn.canlas@canlas.com,http://www.anchorcomputerinc.com
Cherry,Lietz,48329,248-980-6904,248-697-7722,cherry@lietz.com,http://www.sebringco.com
Kattie,Vonasek,44103,216-923-3715,216-270-9653,kattie@vonasek.org,http://www.hacfarmlinescooptvassoc.com
Lilli,Scriven,79601,325-631-1560,325-667-7868,lilli@aol.com,http://www.hunterjohnjesq.com
Whitley,Tomasulo,76107,817-526-4408,817-819-7799,whitley.tomasulo@aol.com,http://www.freeholdfenceco.com
Barbra,Adkin,11230,718-201-3751,718-732-9475,badkin@hotmail.com,http://www.binswanger.com
Hermila,Thyberg,2903,401-893-4882,401-885-7681,hermila_thyberg@hotmail.com,http://www.chiltonmaltingco.com
Jesusita,Flister,17601,717-885-9118,717-686-7564,jesusita.flister@hotmail.com,http://www.schoenedwardjjr.com
Caitlin,Julia,2919,401-948-4982,401-552-9059,caitlin.julia@julia.org,http://www.heldermanseymourcpa.com
Roosevelt,Hoffis,33014,305-622-4739,305-302-1135,roosevelt.hoffis@aol.com,http://www.denbrookmyron.com
Helaine,Halter,7304,201-832-4168,201-412-3040,hhalter@yahoo.com,http://www.lippittmike.com
Lorean,Martabano,78204,210-856-4979,210-634-2447,lorean.martabano@hotmail.com,http://www.hiramhoggpesq.com
France,Buzick,11219,718-478-8504,718-853-3740,france.buzick@yahoo.com,http://www.intravelagency.com
Justine,Ferrario,91768,909-993-3242,909-631-5703,jferrario@hotmail.com,http://www.newhartfoodsinc.com
Adelina,Nabours,44103,216-230-4892,216-937-5320,adelina_nabours@gmail.com,http://www.courtyardbymarriott.com
Derick,Dhamer,10013,212-304-4515,212-225-9676,ddhamer@cox.net,http://www.studereugeneaesq.com
Jerry,Dallen,23219,804-762-9576,804-808-9574,jerry.dallen@yahoo.com,http://www.seashoresupplycowaretown.com
Leota,Ragel,30753,706-221-4243,706-616-5131,leota.ragel@gmail.com,http://www.mayarsilkinc.com
Jutta,Amyot,70518,337-515-1438,337-991-8070,jamyot@hotmail.com,http://www.nationalmedicalexcesscorp.com
Aja,Gehrett,7110,973-544-2677,973-986-4456,aja_gehrett@hotmail.com,http://www.sterocompany.com
Kirk,Herritt,13850,607-407-3716,607-350-7690,kirk.herritt@aol.com,http://www.hastinghduaneesq.com
Leonora,Mauson,7055,973-412-2995,973-355-2120,leonora@yahoo.com,http://www.instyprints.com
Winfred,Brucato,83843,208-252-4552,208-793-4108,winfred_brucato@hotmail.com,http://www.glenridgemanormobilehomepk.com
Tarra,Nachor,94104,415-411-1775,415-284-2730,tarra.nachor@cox.net,http://www.circuitsolutioninc.com
Corinne,Loder,2760,508-942-4186,508-618-7826,corinne@loder.org,http://www.localoffice.com
Dulce,Labreche,48307,248-357-8718,248-811-5696,dulce_labreche@yahoo.com,http://www.leekilkellypaulsonkabaker.com
Kate,Keneipp,54301,920-353-6377,920-355-1610,kate_keneipp@yahoo.com,http://www.davismaxonresq.com
Kaitlyn,Ogg,21230,410-665-4903,410-773-3862,kaitlyn.ogg@gmail.com,http://www.garrisonpauleesq.com
Sherita,Saras,80937,719-669-1664,719-547-9543,sherita.saras@cox.net,http://www.blackhistoryresourcecenter.com
Lashawnda,Stuer,43607,419-588-8719,419-399-1744,lstuer@cox.net,http://www.rodriguezjchristopheresq.com
Ernest,Syrop,20785,301-998-9644,301-257-4883,ernest@cox.net,http://www.grantfamilyhealthcenter.com
Nobuko,Halsey,2745,508-855-9887,508-897-7916,nobuko.halsey@yahoo.com,http://www.goemanwoodproductsinc.com
Lavonna,Wolny,22102,703-483-1970,703-892-2914,lavonna.wolny@hotmail.com,http://www.linhareskennethaesq.com
Lashaunda,Lizama,21076,410-678-2473,410-912-6032,llizama@cox.net,http://www.earnhardtprinting.com
Mariann,Bilden,78753,512-223-4791,512-742-1149,mariann.bilden@aol.com,http://www.hpgindustrysinc.com
Helene,Rodenberger,85381,623-461-8551,623-426-4907,helene@aol.com,http://www.baileytransportationprodinc.com
Roselle,Estell,44820,419-571-5920,419-488-6648,roselle.estell@hotmail.com,http://www.mcglynnblisspc.com
Samira,Heintzman,98032,206-311-4137,206-923-6042,sheintzman@hotmail.com,http://www.mutualfishco.com
Margart,Meisel,45251,513-617-2362,513-747-9603,margart_meisel@yahoo.com,http://www.yeatesarthurlaia.com
Kristofer,Bennick,47404,812-368-1511,812-442-8544,kristofer.bennick@yahoo.com,http://www.loganronaldjesq.com
Weldon,Acuff,60004,847-353-2156,847-613-5866,wacuff@gmail.com,http://www.advantagemartgagecompany.com
Shalon,Shadrick,11223,718-232-2337,718-394-4974,shalon@cox.net,http://www.germerandgertzllp.com
Denise,Patak,32801,407-446-4358,407-808-3254,denise@patak.org,http://www.spencelawoffices.com
Louvenia,Beech,90210,310-820-2117,310-652-2379,louvenia.beech@beech.com,http://www.johnortizntstherapycenter.com
Audry,Yaw,33511,813-797-4816,813-744-7100,audry.yaw@yaw.org,http://www.mikeuchrinhtgaircondinc.com
Kristel,Ehmann,79925,915-452-1290,915-300-6100,kristel.ehmann@aol.com,http://www.mccoyjoyreynoldsesq.com
Vincenza,Zepp,92020,619-603-5125,619-935-6661,vzepp@gmail.com,http://www.kboram.com
Elouise,Gwalthney,20710,301-841-5012,301-591-3034,egwalthney@yahoo.com,http://www.qualityinnnorthwest.com
Venita,Maillard,92801,714-523-6653,714-663-9740,venita_maillard@gmail.com,http://www.wallacechurchassocinc.com
Kasandra,Semidey,63102,314-732-9131,314-697-3652,kasandra_semidey@semidey.com,http://www.cantron.com
Xochitl,Discipio,78664,512-233-1831,512-942-3411,xdiscipio@gmail.com,http://www.ravaalenterprisesinc.com
Maile,Linahan,27409,336-670-2640,336-364-6037,mlinahan@yahoo.com,http://www.thompsonsteelcompanyinc.com
Krissy,Rauser,11727,631-443-4710,631-288-2866,krauser@cox.net,http://www.andersonmarkaesq.com
Pete,Dubaldi,7071,201-825-2514,201-749-8866,pdubaldi@hotmail.com,http://www.womackgalich.com
Linn,Paa,38112,901-412-4381,901-573-9024,linn_paa@paa.com,http://www.valeriecompany.com
Paris,Wide,30342,404-505-4445,404-607-8435,paris@hotmail.com,http://www.gehringpumpsinc.com
Wynell,Dorshorst,94044,650-473-1262,650-749-9879,wynell_dorshorst@dorshorst.org,http://www.haehnelcraigwesq.com
Quentin,Birkner,55337,952-702-7993,952-314-5871,qbirkner@aol.com,http://www.spoorbehrinscampbellyoung.com
Regenia,Kannady,85260,480-726-1280,480-205-5121,regenia.kannady@cox.net,http://www.kenjeterstoreequipmentinc.com
Sheron,Louissant,11101,718-976-8610,718-613-9994,sheron@aol.com,http://www.potterbrendajcpa.com
Izetta,Funnell,30340,770-844-3447,770-584-4119,izetta.funnell@hotmail.com,http://www.bairdkurtzdobson.com
Rodolfo,Butzen,55057,507-210-3510,507-590-5237,rodolfo@hotmail.com,http://www.minorcynthiaaesq.com
Zona,Colla,6854,203-461-1949,203-938-2557,zona@hotmail.com,http://www.soloverobertaesq.com
Serina,Zagen,46802,260-273-3725,260-382-4869,szagen@aol.com,http://www.markiiimportsinc.com
Paz,Sahagun,39307,601-927-8287,601-249-4511,paz_sahagun@cox.net,http://www.whitesigndivctrlequipco.com
Markus,Lukasik,48310,586-970-7380,586-247-1614,markus@yahoo.com,http://www.mmstorefixturescoinc.com
Jaclyn,Bachman,80919,719-853-3600,719-223-2074,jaclyn@aol.com,http://www.judahcasterwheelco.com
Cyril,Daufeldt,10013,212-745-8484,212-422-5427,cyril_daufeldt@daufeldt.com,http://www.galaxyinternationalinc.com
Gayla,Schnitzler,94545,510-686-3407,510-441-4055,gschnitzler@gmail.com,http://www.sigmacorpofamerica.com
Erick,Nievas,60624,773-704-9903,773-359-6109,erick_nievas@aol.com,http://www.sowardanneesq.com
Jennie,Drymon,18509,570-218-4831,570-868-8688,jennie@cox.net,http://www.osbornemichellemesq.com
Mitsue,Scipione,95965,530-986-9272,530-399-3254,mscipione@scipione.com,http://www.studentsinfreeentrprsnatl.com
Ciara,Ventura,12771,845-823-8877,845-694-7919,cventura@yahoo.com,http://www.johnsonrobertmesq.com
Galen,Cantres,44142,216-600-6111,216-871-6876,galen@yahoo.com,http://www.delcharroapartments.com
Truman,Feichtner,7003,973-852-2736,973-473-5108,tfeichtner@yahoo.com,http://www.legalsearchinc.com
Gail,Kitty,99501,907-435-9166,907-770-3542,gail@kitty.com,http://www.servicesupplycoinc.com
Dalene,Schoeneck,19102,215-268-1275,215-380-8820,dalene@schoeneck.org,http://www.sameshimadouglasjesq.com
Gertude,Witten,45217,513-977-7043,513-863-9471,gertude.witten@gmail.com,http://www.thompsonjohnrandolphjr.com
Lizbeth,Kohl,90248,310-699-1222,310-955-5788,lizbeth@yahoo.com,http://www.etbalancingcoinc.com
Glenn,Berray,50315,515-370-7348,515-372-1738,gberray@gmail.com,http://www.griswoldjohneesq.com
Lashandra,Klang,19406,610-809-1818,610-378-7332,lashandra@yahoo.com,http://www.acquagroup.com
Lenna,Newville,27601,919-623-2524,919-254-5987,lnewville@newville.com,http://www.brooksmorrisjjr.com
Laurel,Pagliuca,99352,509-695-5199,509-595-6485,laurel@yahoo.com,http://www.printingimagescorp.com
Mireya,Frerking,10803,914-868-5965,914-883-3061,mireya.frerking@hotmail.com,http://www.robertssupplycoinc.com
Annelle,Tagala,21234,410-757-1035,410-234-2267,annelle@yahoo.com,http://www.vicoproductsmfgco.com
Dean,Ketelsen,11801,516-847-4418,516-732-6649,dean_ketelsen@gmail.com,http://www.jmcustomdesignmillwork.com
Levi,Munis,1603,508-456-4907,508-658-7802,levi.munis@gmail.com,http://www.farrelljohnsonofficeequip.com
Sylvie,Ryser,74105,918-644-9555,918-565-1706,sylvie@aol.com,http://www.millersmarketdeli.com
Sharee,Maile,49442,231-467-9978,231-265-6940,sharee_maile@aol.com,http://www.holidayinnnaperville.com
Cordelia,Storment,70506,337-566-6001,337-255-3427,cordelia_storment@aol.com,http://www.burrowsjonhesq.com
Mollie,Mcdoniel,43402,419-975-3182,419-417-4674,mollie_mcdoniel@yahoo.com,http://www.docksealspecialty.com
Brett,Mccullan,91942,619-461-9984,619-727-3892,brett.mccullan@mccullan.com,http://www.fivestarlimousinesoftxinc.com
Teddy,Pedrozo,6610,203-892-3863,203-918-3939,teddy_pedrozo@aol.com,http://www.barkannealjesq.com
Tasia,Andreason,7032,201-920-9002,201-969-7063,tasia_andreason@yahoo.com,http://www.campbellroberta.com
Hubert,Walthall,44203,330-903-1345,330-566-8898,hubert@walthall.org,http://www.deedeanna.com
Arthur,Farrow,7631,201-238-5688,201-772-4377,arthur.farrow@yahoo.com,http://www.youngtimothylesq.com
Vilma,Berlanga,49546,616-737-3085,616-568-4113,vberlanga@berlanga.com,http://www.wellsdfredesq.com
Billye,Miro,39208,601-567-5386,601-637-5479,billye_miro@cox.net,http://www.grayfrancinehesq.com
Glenna,Slayton,38118,901-640-9178,901-869-4314,glenna_slayton@cox.net,http://www.toledoivcare.com
Mitzie,Hudnall,80110,303-402-1940,303-997-7760,mitzie_hudnall@yahoo.com,http://www.cangrotransmissionco.com
Bernardine,Rodefer,38112,901-901-4726,901-739-5892,bernardine_rodefer@yahoo.com,http://www.satpolyinc.com
Staci,Schmaltz,91106,626-866-2339,626-293-7678,staci_schmaltz@aol.com,http://www.midwestcontractingmfginc.com
Nichelle,Meteer,60657,773-225-9985,773-857-2231,nichelle_meteer@meteer.com,http://www.printdoctor.com
Janine,Rhoden,11103,718-228-5894,718-728-5051,jrhoden@yahoo.com,http://www.nordicgroupinc.com
Ettie,Hoopengardner,99352,509-755-5393,509-847-3352,ettie.hoopengardner@hotmail.com,http://www.jacksonmillworkco.com
Eden,Jayson,21202,410-890-7866,410-429-4888,eden_jayson@yahoo.com,http://www.harriscorporation.com
Lynelle,Auber,7104,973-860-8610,973-605-6492,lynelle_auber@gmail.com,http://www.unitedcerebralpalsyofnepa.com
Merissa,Tomblin,90706,562-579-6900,562-719-7922,merissa.tomblin@gmail.com,http://www.onedaysurgerycenterinc.com
Golda,Kaniecki,8755,732-628-9909,732-617-5310,golda_kaniecki@yahoo.com,http://www.calaverasprospect.com
Catarina,Gleich,7834,973-210-3994,973-491-8723,catarina_gleich@hotmail.com,http://www.terkroberteesq.com
Virgie,Kiel,80216,303-776-7548,303-845-5408,vkiel@hotmail.com,http://www.cullenterrencepesq.com
Jolene,Ostolaza,23608,757-682-7116,757-940-1741,jolene@yahoo.com,http://www.centraldiecastingmfgcoinc.com
Keneth,Borgman,85012,602-919-4211,602-442-3092,keneth@yahoo.com,http://www.centerlineengineering.com
Rikki,Nayar,33155,305-968-9487,305-978-2069,rikki@nayar.com,http://www.targankievitpa.com
Elke,Sengbusch,85013,602-896-2993,602-575-3457,elke_sengbusch@yahoo.com,http://www.rileyriperhollincolagreco.com
Hoa,Sarao,32759,386-526-7800,386-599-7296,hoa@sarao.org,http://www.kaplanjoelsesq.com
Trinidad,Mcrae,94105,415-331-9634,415-419-1597,trinidad_mcrae@yahoo.com,http://www.wateroffice.com
Mari,Lueckenbach,92110,858-793-9684,858-228-5683,mari_lueckenbach@yahoo.com,http://www.westbrooksnelsonejr.com
Selma,Husser,7306,201-991-8369,201-772-7699,selma.husser@cox.net,http://www.armoncommunications.com
Antione,Onofrio,92410,909-430-7765,909-665-3223,aonofrio@onofrio.com,http://www.jacobsgerberinc.com
Luisa,Jurney,2138,617-365-2134,617-544-2541,ljurney@hotmail.com,http://www.forestfirelaboratory.com
Clorinda,Heimann,92025,760-291-5497,760-261-4786,clorinda.heimann@hotmail.com,http://www.haugheycharlesjr.com
Dick,Wenzinger,90248,310-510-9713,310-936-2258,dick@yahoo.com,http://www.wheatonplasticproducts.com
Ahmed,Angalich,17110,717-528-8996,717-632-5831,ahmed.angalich@angalich.com,http://www.reeseplastics.com
Iluminada,Ohms,85204,480-293-2882,480-866-6544,iluminada.ohms@yahoo.com,http://www.nazettemarnergoodwendt.com
Joanna,Leinenbach,33461,561-470-4574,561-951-9734,joanna_leinenbach@hotmail.com,http://www.levinsonaxelrodwheaton.com
Caprice,Suell,37211,615-246-1824,615-726-4537,caprice@aol.com,http://www.egnorwdanesq.com
Stephane,Myricks,41005,859-717-7638,859-308-4286,stephane_myricks@cox.net,http://www.portlandcentralthriftlodge.com
Quentin,Swayze,48160,734-561-6170,734-851-8571,quentin_swayze@yahoo.com,http://www.ulbrichtrucking.com
Annmarie,Castros,77301,936-751-7961,936-937-2334,annmarie_castros@gmail.com,http://www.tipiakinc.com
Shonda,Greenbush,7011,973-482-2430,973-644-2974,shonda_greenbush@cox.net,http://www.saintgeorgewelldrilling.com
Cecil,Lapage,7087,201-693-3967,201-856-2720,clapage@lapage.com,http://www.hawkesdouglasd.com
Jeanice,Claucherty,33142,305-988-4162,305-306-7834,jeanice.claucherty@yahoo.com,http://www.accurelsystemsintrntlcorp.com
Josphine,Villanueva,38575,931-553-9774,931-486-6946,josphine_villanueva@villanueva.com,http://www.santacruzcommunityinternet.com
Daniel,Perruzza,92705,714-771-3880,714-531-1391,dperruzza@perruzza.com,http://www.gershdanielson.com
Cassi,Wildfong,60008,847-633-3216,847-755-9041,cassi.wildfong@aol.com,http://www.cobbjamesoesq.com
Britt,Galam,19440,215-888-3304,215-351-8523,britt@galam.org,http://www.wheatleytruckingcompany.com
Adell,Lipkin,7981,973-654-1561,973-662-8988,adell.lipkin@lipkin.com,http://www.systemsgraphincabdickdlr.com
Jacqueline,Rowling,16501,814-865-8113,814-481-1700,jacqueline.rowling@yahoo.com,http://www.johnhancockmutllifeinsco.com
Lonny,Weglarz,84115,801-293-9853,801-892-8781,lonny_weglarz@gmail.com,http://www.historydivisionofstate.com
Lonna,Diestel,28301,910-922-3672,910-200-7912,lonna_diestel@gmail.com,http://www.dimmockthomasjesq.com
Cristal,Samara,90021,213-975-8026,213-696-8004,cristal@cox.net,http://www.intermedinc.com
Kenneth,Grenet,48823,517-499-2322,517-867-8077,kenneth.grenet@grenet.org,http://www.bankofnewyork.com
Elli,Mclaird,13501,315-818-2638,315-474-5570,emclaird@mclaird.com,http://www.sportmasterintrnatl.com
Alline,Jeanty,46601,574-656-2800,574-405-1983,ajeanty@gmail.com,http://www.wwjohnholdeninc.com
Sharika,Eanes,32806,407-312-1691,407-472-1332,sharika.eanes@aol.com,http://www.maccanidelp.com
Nu,Mcnease,7029,973-751-9003,973-903-4175,nu@gmail.com,http://www.amazoniafilmproject.com
Daniela,Comnick,8611,609-200-8577,609-398-2805,dcomnick@cox.net,http://www.watersewerdepartment.com
Cecilia,Colaizzo,53717,608-382-4541,608-302-3387,cecilia_colaizzo@colaizzo.com,http://www.switchcraftinc.com
Leslie,Threets,10536,914-861-9748,914-396-2615,leslie@cox.net,http://www.cwdcmetalfabricators.com
Nan,Koppinger,27401,336-370-5333,336-564-1492,nan@koppinger.com,http://www.shimotanigracet.com
Izetta,Dewar,21217,410-473-1708,410-522-7621,idewar@dewar.com,http://www.lisatonijeanesq.com
Tegan,Arceo,8831,732-730-2692,732-705-6719,tegan.arceo@arceo.org,http://www.ceramictilesalesinc.com
Ruthann,Keener,78028,830-258-2769,830-919-5991,ruthann@hotmail.com,http://www.maidencraftinc.com
Joni,Breland,60007,847-519-5906,847-740-5304,joni_breland@cox.net,http://www.carriagehousecllsnrprinc.com
Vi,Rentfro,7728,732-605-4781,732-724-7251,vrentfro@cox.net,http://www.videoworkshop.com
Colette,Kardas,68124,402-896-5943,402-707-1602,colette.kardas@yahoo.com,http://www.fresnotilecenterinc.com
Malcolm,Tromblay,22003,703-221-5602,703-874-4248,malcolm_tromblay@cox.net,http://www.versatilesashwoodwork.com
Ryan,Harnos,75075,972-558-1665,972-961-4968,ryan@cox.net,http://www.warnerelectricbrkcltchco.com
Jess,Chaffins,10016,212-510-4633,212-428-9538,jess.chaffins@chaffins.org,http://www.newyorkpubliclibrary.com
Sharen,Bourbon,11791,516-816-1541,516-749-3188,sbourbon@yahoo.com,http://www.mccalebjohnaesq.com
Nickolas,Juvera,34429,352-598-8301,352-947-6152,nickolas_juvera@cox.net,http://www.unitedoilcoinc.com
Gary,Nunlee,46040,317-542-6023,317-887-8486,gary_nunlee@nunlee.org,http://www.irvingfootcenter.com
Diane,Devreese,64504,816-557-9673,816-329-5565,diane@cox.net,http://www.acmesupplyco.com
Roslyn,Chavous,39211,601-234-9632,601-973-5754,roslyn.chavous@chavous.org,http://www.mcraejamesl.com
Glory,Schieler,79602,325-869-2649,325-740-3778,glory@yahoo.com,http://www.mcgrathsseafood.com
Rasheeda,Sayaphon,95070,408-805-4309,408-997-7490,rasheeda@aol.com,http://www.kummererjmichaelesq.com
Alpha,Palaia,8003,856-312-2629,856-513-7024,alpha@yahoo.com,http://www.stofferjamesmjr.com
Refugia,Jacobos,94545,510-974-8671,510-509-3496,refugia.jacobos@jacobos.com,http://www.northcentralflsftycncl.com
Shawnda,Yori,32750,407-538-5106,407-564-8113,shawnda.yori@yahoo.com,http://www.fioruccifoodsusainc.com
Mona,Delasancha,82001,307-403-1488,307-816-7115,mdelasancha@hotmail.com,http://www.signall.com
Gilma,Liukko,11530,516-393-9967,516-407-9573,gilma_liukko@gmail.com,http://www.sammyssteakden.com
Janey,Gabisi,53715,608-967-7194,608-586-6912,jgabisi@hotmail.com,http://www.dobschastephenfesq.com
Lili,Paskin,7032,201-431-2989,201-478-8540,lili.paskin@cox.net,http://www.morgancustomhomes.com
Loren,Asar,18518,570-648-3035,570-569-2356,loren.asar@aol.com,http://www.olsenpaynecompany.com
Dorothy,Chesterfield,92126,858-617-7834,858-732-1884,dorothy@cox.net,http://www.cowankelly.com
Gail,Similton,92276,760-616-5388,760-493-9208,gail_similton@similton.com,http://www.johnsonwesesq.com
Catalina,Tillotson,8402,609-373-3332,609-826-4990,catalina@hotmail.com,http://www.icnpharmaceuticalsinc.com
Lawrence,Lorens,2906,401-465-6432,401-893-1820,lawrence.lorens@hotmail.com,http://www.newenglandsecequipcoinc.com
Carlee,Boulter,67410,785-347-1805,785-253-7049,carlee.boulter@hotmail.com,http://www.tippetttroymii.com
Thaddeus,Ankeny,95678,916-920-3571,916-459-2433,tankeny@ankeny.org,http://www.atccontracting.com
Jovita,Oles,32114,386-248-4118,386-208-6976,joles@gmail.com,http://www.paganophilipgesq.com
Alesia,Hixenbaugh,20001,202-646-7516,202-276-6826,alesia_hixenbaugh@hixenbaugh.org,http://www.kwikprint.com
Lai,Harabedian,94945,415-423-3294,415-926-6089,lai@gmail.com,http://www.buergimaddenscale.com
Brittni,Gillaspie,83709,208-709-1235,208-206-9848,bgillaspie@gillaspie.com,http://www.innerlabel.com
Raylene,Kampa,46514,574-499-1454,574-330-1884,rkampa@kampa.org,http://www.hermarinc.com
Flo,Bookamer,69301,308-726-2182,308-250-6987,flo.bookamer@cox.net,http://www.simontonhoweschneiderpc.com
Jani,Biddy,98104,206-711-6498,206-395-6284,jbiddy@yahoo.com,http://www.warehouseofficepaperprod.com
Chauncey,Motley,32804,407-413-4842,407-557-8857,chauncey_motley@aol.com,http://www.affiliatedwithtravelodge.com